,PM 2.5 env,PM 10 env,Particelle 0.3um,Particelle 0.5um,Particelle 1.0um,Particelle 2.5um,Particelle 5.0um,Particelle 10um,CO2(ppm),TVOC(ppb),ora
0,27,28,2976,890,166,16,1,1,0,0,1606489164.799234
,PM 2.5 env,PM 10 env,Particelle 0.3um,Particelle 0.5um,Particelle 1.0um,Particelle 2.5um,Particelle 5.0um,Particelle 10um,CO2(ppm),TVOC(ppb),ora
0,27,28,2976,890,166,16,1,1,0,0,1606489165.847148
,PM 2.5 env,PM 10 env,Particelle 0.3um,Particelle 0.5um,Particelle 1.0um,Particelle 2.5um,Particelle 5.0um,Particelle 10um,CO2(ppm),TVOC(ppb),ora
0,27,28,2976,890,166,16,1,1,0,0,1606489166.872986
,PM 2.5 env,PM 10 env,Particelle 0.3um,Particelle 0.5um,Particelle 1.0um,Particelle 2.5um,Particelle 5.0um,Particelle 10um,CO2(ppm),TVOC(ppb),ora
0,27,28,3000,888,175,16,1,1,400,0,1606489167.901579
,PM 2.5 env,PM 10 env,Particelle 0.3um,Particelle 0.5um,Particelle 1.0um,Particelle 2.5um,Particelle 5.0um,Particelle 10um,CO2(ppm),TVOC(ppb),ora
0,27,28,3000,888,175,16,1,1,400,0,1606489168.946657
,PM 2.5 env,PM 10 env,Particelle 0.3um,Particelle 0.5um,Particelle 1.0um,Particelle 2.5um,Particelle 5.0um,Particelle 10um,CO2(ppm),TVOC(ppb),ora
0,27,28,3000,888,175,16,1,1,400,0,1606489169.992349
,PM 2.5 env,PM 10 env,Particelle 0.3um,Particelle 0.5um,Particelle 1.0um,Particelle 2.5um,Particelle 5.0um,Particelle 10um,CO2(ppm),TVOC(ppb),ora
0,27,27,2982,888,169,15,1,1,400,0,1606489171.037737
,PM 2.5 env,PM 10 env,Particelle 0.3um,Particelle 0.5um,Particelle 1.0um,Particelle 2.5um,Particelle 5.0um,Particelle 10um,CO2(ppm),TVOC(ppb),ora
0,27,27,2982,888,169,15,1,1,403,0,1606489172.08326
,PM 2.5 env,PM 10 env,Particelle 0.3um,Particelle 0.5um,Particelle 1.0um,Particelle 2.5um,Particelle 5.0um,Particelle 10um,CO2(ppm),TVOC(ppb),ora
0,27,27,2982,888,169,15,1,1,400,0,1606489173.128966
,PM 2.5 env,PM 10 env,Particelle 0.3um,Particelle 0.5um,Particelle 1.0um,Particelle 2.5um,Particelle 5.0um,Particelle 10um,CO2(ppm),TVOC(ppb),ora
0,26,26,2994,885,167,9,0,0,400,0,1606489174.171726
,PM 2.5 env,PM 10 env,Particelle 0.3um,Particelle 0.5um,Particelle 1.0um,Particelle 2.5um,Particelle 5.0um,Particelle 10um,CO2(ppm),TVOC(ppb),ora
0,26,26,2994,885,167,9,0,0,400,0,1606489175.21753
,PM 2.5 env,PM 10 env,Particelle 0.3um,Particelle 0.5um,Particelle 1.0um,Particelle 2.5um,Particelle 5.0um,Particelle 10um,CO2(ppm),TVOC(ppb),ora
0,26,26,2994,885,167,9,0,0,400,0,1606489176.262409
,PM 2.5 env,PM 10 env,Particelle 0.3um,Particelle 0.5um,Particelle 1.0um,Particelle 2.5um,Particelle 5.0um,Particelle 10um,CO2(ppm),TVOC(ppb),ora
0,25,25,2931,868,159,9,0,0,400,0,1606489177.307702
,PM 2.5 env,PM 10 env,Particelle 0.3um,Particelle 0.5um,Particelle 1.0um,Particelle 2.5um,Particelle 5.0um,Particelle 10um,CO2(ppm),TVOC(ppb),ora
0,26,26,3087,911,161,11,1,0,400,0,1606489178.352418
,PM 2.5 env,PM 10 env,Particelle 0.3um,Particelle 0.5um,Particelle 1.0um,Particelle 2.5um,Particelle 5.0um,Particelle 10um,CO2(ppm),TVOC(ppb),ora
0,26,27,3030,909,174,13,1,0,400,0,1606489179.39923
,PM 2.5 env,PM 10 env,Particelle 0.3um,Particelle 0.5um,Particelle 1.0um,Particelle 2.5um,Particelle 5.0um,Particelle 10um,CO2(ppm),TVOC(ppb),ora
0,28,29,3117,930,180,17,1,0,402,0,1606489180.444433
,PM 2.5 env,PM 10 env,Particelle 0.3um,Particelle 0.5um,Particelle 1.0um,Particelle 2.5um,Particelle 5.0um,Particelle 10um,CO2(ppm),TVOC(ppb),ora
0,28,29,3054,917,188,17,1,0,402,0,1606489181.493077
,PM 2.5 env,PM 10 env,Particelle 0.3um,Particelle 0.5um,Particelle 1.0um,Particelle 2.5um,Particelle 5.0um,Particelle 10um,CO2(ppm),TVOC(ppb),ora
0,28,28,3024,907,183,18,1,0,407,1,1606489182.537503
,PM 2.5 env,PM 10 env,Particelle 0.3um,Particelle 0.5um,Particelle 1.0um,Particelle 2.5um,Particelle 5.0um,Particelle 10um,CO2(ppm),TVOC(ppb),ora
0,28,28,2955,888,181,19,1,0,407,1,1606489183.583375
,PM 2.5 env,PM 10 env,Particelle 0.3um,Particelle 0.5um,Particelle 1.0um,Particelle 2.5um,Particelle 5.0um,Particelle 10um,CO2(ppm),TVOC(ppb),ora
0,28,29,2943,893,180,19,1,0,402,0,1606489184.626891
,PM 2.5 env,PM 10 env,Particelle 0.3um,Particelle 0.5um,Particelle 1.0um,Particelle 2.5um,Particelle 5.0um,Particelle 10um,CO2(ppm),TVOC(ppb),ora
0,28,29,2967,893,182,20,1,0,407,1,1606489185.670361
,PM 2.5 env,PM 10 env,Particelle 0.3um,Particelle 0.5um,Particelle 1.0um,Particelle 2.5um,Particelle 5.0um,Particelle 10um,CO2(ppm),TVOC(ppb),ora
0,28,29,3018,916,181,18,1,0,402,0,1606489186.716029
,PM 2.5 env,PM 10 env,Particelle 0.3um,Particelle 0.5um,Particelle 1.0um,Particelle 2.5um,Particelle 5.0um,Particelle 10um,CO2(ppm),TVOC(ppb),ora
0,30,32,3180,966,185,28,2,0,402,0,1606489187.759684
,PM 2.5 env,PM 10 env,Particelle 0.3um,Particelle 0.5um,Particelle 1.0um,Particelle 2.5um,Particelle 5.0um,Particelle 10um,CO2(ppm),TVOC(ppb),ora
0,30,32,3129,948,179,32,2,0,402,0,1606489188.805878
,PM 2.5 env,PM 10 env,Particelle 0.3um,Particelle 0.5um,Particelle 1.0um,Particelle 2.5um,Particelle 5.0um,Particelle 10um,CO2(ppm),TVOC(ppb),ora
0,30,32,3153,945,176,30,2,0,402,0,1606489189.855665
,PM 2.5 env,PM 10 env,Particelle 0.3um,Particelle 0.5um,Particelle 1.0um,Particelle 2.5um,Particelle 5.0um,Particelle 10um,CO2(ppm),TVOC(ppb),ora
0,30,32,3153,945,176,30,2,0,407,1,1606489190.90479
,PM 2.5 env,PM 10 env,Particelle 0.3um,Particelle 0.5um,Particelle 1.0um,Particelle 2.5um,Particelle 5.0um,Particelle 10um,CO2(ppm),TVOC(ppb),ora
0,30,32,3153,945,176,30,2,0,415,2,1606489191.96516
,PM 2.5 env,PM 10 env,Particelle 0.3um,Particelle 0.5um,Particelle 1.0um,Particelle 2.5um,Particelle 5.0um,Particelle 10um,CO2(ppm),TVOC(ppb),ora
0,28,30,3084,929,164,25,2,0,410,1,1606489193.010596
,PM 2.5 env,PM 10 env,Particelle 0.3um,Particelle 0.5um,Particelle 1.0um,Particelle 2.5um,Particelle 5.0um,Particelle 10um,CO2(ppm),TVOC(ppb),ora
0,28,30,3084,929,164,25,2,0,410,1,1606489194.045863
,PM 2.5 env,PM 10 env,Particelle 0.3um,Particelle 0.5um,Particelle 1.0um,Particelle 2.5um,Particelle 5.0um,Particelle 10um,CO2(ppm),TVOC(ppb),ora
0,28,30,3084,929,164,25,2,0,410,1,1606489195.09134
,PM 2.5 env,PM 10 env,Particelle 0.3um,Particelle 0.5um,Particelle 1.0um,Particelle 2.5um,Particelle 5.0um,Particelle 10um,CO2(ppm),TVOC(ppb),ora
0,28,30,3084,925,170,24,2,0,410,1,1606489196.135674
,PM 2.5 env,PM 10 env,Particelle 0.3um,Particelle 0.5um,Particelle 1.0um,Particelle 2.5um,Particelle 5.0um,Particelle 10um,CO2(ppm),TVOC(ppb),ora
0,28,30,3084,925,170,24,2,0,407,1,1606489197.180737
,PM 2.5 env,PM 10 env,Particelle 0.3um,Particelle 0.5um,Particelle 1.0um,Particelle 2.5um,Particelle 5.0um,Particelle 10um,CO2(ppm),TVOC(ppb),ora
0,28,30,3084,925,170,24,2,0,407,1,1606489198.226013
,PM 2.5 env,PM 10 env,Particelle 0.3um,Particelle 0.5um,Particelle 1.0um,Particelle 2.5um,Particelle 5.0um,Particelle 10um,CO2(ppm),TVOC(ppb),ora
0,28,30,3102,920,162,26,2,0,407,1,1606489199.27193
,PM 2.5 env,PM 10 env,Particelle 0.3um,Particelle 0.5um,Particelle 1.0um,Particelle 2.5um,Particelle 5.0um,Particelle 10um,CO2(ppm),TVOC(ppb),ora
0,28,30,3102,920,162,26,2,0,402,0,1606489200.315958
,PM 2.5 env,PM 10 env,Particelle 0.3um,Particelle 0.5um,Particelle 1.0um,Particelle 2.5um,Particelle 5.0um,Particelle 10um,CO2(ppm),TVOC(ppb),ora
0,28,30,3102,920,162,26,2,0,407,1,1606489201.358828
,PM 2.5 env,PM 10 env,Particelle 0.3um,Particelle 0.5um,Particelle 1.0um,Particelle 2.5um,Particelle 5.0um,Particelle 10um,CO2(ppm),TVOC(ppb),ora
0,27,29,3036,897,154,25,2,0,407,1,1606489202.403811
,PM 2.5 env,PM 10 env,Particelle 0.3um,Particelle 0.5um,Particelle 1.0um,Particelle 2.5um,Particelle 5.0um,Particelle 10um,CO2(ppm),TVOC(ppb),ora
0,27,29,3036,897,154,25,2,0,410,1,1606489203.453542
,PM 2.5 env,PM 10 env,Particelle 0.3um,Particelle 0.5um,Particelle 1.0um,Particelle 2.5um,Particelle 5.0um,Particelle 10um,CO2(ppm),TVOC(ppb),ora
0,27,29,3036,897,154,25,2,0,410,1,1606489204.499022
,PM 2.5 env,PM 10 env,Particelle 0.3um,Particelle 0.5um,Particelle 1.0um,Particelle 2.5um,Particelle 5.0um,Particelle 10um,CO2(ppm),TVOC(ppb),ora
0,26,28,2985,886,150,24,2,0,410,1,1606489205.545897
,PM 2.5 env,PM 10 env,Particelle 0.3um,Particelle 0.5um,Particelle 1.0um,Particelle 2.5um,Particelle 5.0um,Particelle 10um,CO2(ppm),TVOC(ppb),ora
0,26,28,2985,886,150,24,2,0,410,1,1606489206.591779
,PM 2.5 env,PM 10 env,Particelle 0.3um,Particelle 0.5um,Particelle 1.0um,Particelle 2.5um,Particelle 5.0um,Particelle 10um,CO2(ppm),TVOC(ppb),ora
0,26,28,2985,886,150,24,2,0,410,1,1606489207.637468
,PM 2.5 env,PM 10 env,Particelle 0.3um,Particelle 0.5um,Particelle 1.0um,Particelle 2.5um,Particelle 5.0um,Particelle 10um,CO2(ppm),TVOC(ppb),ora
0,26,28,2946,876,150,23,2,0,410,1,1606489208.686464
,PM 2.5 env,PM 10 env,Particelle 0.3um,Particelle 0.5um,Particelle 1.0um,Particelle 2.5um,Particelle 5.0um,Particelle 10um,CO2(ppm),TVOC(ppb),ora
0,26,28,2946,876,150,23,2,0,410,1,1606489209.732221
,PM 2.5 env,PM 10 env,Particelle 0.3um,Particelle 0.5um,Particelle 1.0um,Particelle 2.5um,Particelle 5.0um,Particelle 10um,CO2(ppm),TVOC(ppb),ora
0,26,28,2946,876,150,23,2,0,410,1,1606489210.776397
,PM 2.5 env,PM 10 env,Particelle 0.3um,Particelle 0.5um,Particelle 1.0um,Particelle 2.5um,Particelle 5.0um,Particelle 10um,CO2(ppm),TVOC(ppb),ora
0,26,29,2907,862,153,25,3,1,410,1,1606489211.821454
,PM 2.5 env,PM 10 env,Particelle 0.3um,Particelle 0.5um,Particelle 1.0um,Particelle 2.5um,Particelle 5.0um,Particelle 10um,CO2(ppm),TVOC(ppb),ora
0,26,29,2907,862,153,25,3,1,410,1,1606489212.866924
,PM 2.5 env,PM 10 env,Particelle 0.3um,Particelle 0.5um,Particelle 1.0um,Particelle 2.5um,Particelle 5.0um,Particelle 10um,CO2(ppm),TVOC(ppb),ora
0,26,29,2907,862,153,25,3,1,415,2,1606489213.930293
,PM 2.5 env,PM 10 env,Particelle 0.3um,Particelle 0.5um,Particelle 1.0um,Particelle 2.5um,Particelle 5.0um,Particelle 10um,CO2(ppm),TVOC(ppb),ora
0,25,26,2940,866,151,14,2,1,410,1,1606489214.975235
,PM 2.5 env,PM 10 env,Particelle 0.3um,Particelle 0.5um,Particelle 1.0um,Particelle 2.5um,Particelle 5.0um,Particelle 10um,CO2(ppm),TVOC(ppb),ora
0,25,26,2940,866,151,14,2,1,410,1,1606489216.020076
,PM 2.5 env,PM 10 env,Particelle 0.3um,Particelle 0.5um,Particelle 1.0um,Particelle 2.5um,Particelle 5.0um,Particelle 10um,CO2(ppm),TVOC(ppb),ora
0,25,26,2940,866,151,14,2,1,415,2,1606489217.06511
,PM 2.5 env,PM 10 env,Particelle 0.3um,Particelle 0.5um,Particelle 1.0um,Particelle 2.5um,Particelle 5.0um,Particelle 10um,CO2(ppm),TVOC(ppb),ora
0,25,25,3003,882,149,7,1,1,418,2,1606489218.11099
,PM 2.5 env,PM 10 env,Particelle 0.3um,Particelle 0.5um,Particelle 1.0um,Particelle 2.5um,Particelle 5.0um,Particelle 10um,CO2(ppm),TVOC(ppb),ora
0,25,25,3003,882,149,7,1,1,418,2,1606489219.15983
,PM 2.5 env,PM 10 env,Particelle 0.3um,Particelle 0.5um,Particelle 1.0um,Particelle 2.5um,Particelle 5.0um,Particelle 10um,CO2(ppm),TVOC(ppb),ora
0,25,25,3003,882,149,7,1,1,415,2,1606489220.204861
,PM 2.5 env,PM 10 env,Particelle 0.3um,Particelle 0.5um,Particelle 1.0um,Particelle 2.5um,Particelle 5.0um,Particelle 10um,CO2(ppm),TVOC(ppb),ora
0,24,25,3015,885,137,6,1,1,410,1,1606489221.25038
,PM 2.5 env,PM 10 env,Particelle 0.3um,Particelle 0.5um,Particelle 1.0um,Particelle 2.5um,Particelle 5.0um,Particelle 10um,CO2(ppm),TVOC(ppb),ora
0,24,25,3015,885,137,6,1,1,407,1,1606489222.29519
,PM 2.5 env,PM 10 env,Particelle 0.3um,Particelle 0.5um,Particelle 1.0um,Particelle 2.5um,Particelle 5.0um,Particelle 10um,CO2(ppm),TVOC(ppb),ora
0,24,25,3015,885,137,6,1,1,407,1,1606489223.340046
,PM 2.5 env,PM 10 env,Particelle 0.3um,Particelle 0.5um,Particelle 1.0um,Particelle 2.5um,Particelle 5.0um,Particelle 10um,CO2(ppm),TVOC(ppb),ora
0,25,26,3078,901,147,6,1,1,407,1,1606489224.386599
,PM 2.5 env,PM 10 env,Particelle 0.3um,Particelle 0.5um,Particelle 1.0um,Particelle 2.5um,Particelle 5.0um,Particelle 10um,CO2(ppm),TVOC(ppb),ora
0,25,26,3078,901,147,6,1,1,402,0,1606489225.432975
,PM 2.5 env,PM 10 env,Particelle 0.3um,Particelle 0.5um,Particelle 1.0um,Particelle 2.5um,Particelle 5.0um,Particelle 10um,CO2(ppm),TVOC(ppb),ora
0,25,26,3078,901,147,6,1,1,400,0,1606489226.477835
,PM 2.5 env,PM 10 env,Particelle 0.3um,Particelle 0.5um,Particelle 1.0um,Particelle 2.5um,Particelle 5.0um,Particelle 10um,CO2(ppm),TVOC(ppb),ora
0,25,26,3147,926,141,6,1,1,400,0,1606489227.522639
,PM 2.5 env,PM 10 env,Particelle 0.3um,Particelle 0.5um,Particelle 1.0um,Particelle 2.5um,Particelle 5.0um,Particelle 10um,CO2(ppm),TVOC(ppb),ora
0,25,26,3147,926,141,6,1,1,400,0,1606489228.567644
,PM 2.5 env,PM 10 env,Particelle 0.3um,Particelle 0.5um,Particelle 1.0um,Particelle 2.5um,Particelle 5.0um,Particelle 10um,CO2(ppm),TVOC(ppb),ora
0,25,26,3147,926,141,6,1,1,400,0,1606489229.6154
,PM 2.5 env,PM 10 env,Particelle 0.3um,Particelle 0.5um,Particelle 1.0um,Particelle 2.5um,Particelle 5.0um,Particelle 10um,CO2(ppm),TVOC(ppb),ora
0,25,26,3174,937,147,3,1,1,400,0,1606489230.660638
,PM 2.5 env,PM 10 env,Particelle 0.3um,Particelle 0.5um,Particelle 1.0um,Particelle 2.5um,Particelle 5.0um,Particelle 10um,CO2(ppm),TVOC(ppb),ora
0,25,26,3174,937,147,3,1,1,400,0,1606489231.705365
,PM 2.5 env,PM 10 env,Particelle 0.3um,Particelle 0.5um,Particelle 1.0um,Particelle 2.5um,Particelle 5.0um,Particelle 10um,CO2(ppm),TVOC(ppb),ora
0,25,26,3174,937,147,3,1,1,400,0,1606489232.750604
,PM 2.5 env,PM 10 env,Particelle 0.3um,Particelle 0.5um,Particelle 1.0um,Particelle 2.5um,Particelle 5.0um,Particelle 10um,CO2(ppm),TVOC(ppb),ora
0,27,28,3261,972,155,3,1,1,406,0,1606489233.794125
,PM 2.5 env,PM 10 env,Particelle 0.3um,Particelle 0.5um,Particelle 1.0um,Particelle 2.5um,Particelle 5.0um,Particelle 10um,CO2(ppm),TVOC(ppb),ora
0,27,28,3261,972,155,3,1,1,406,0,1606489234.842917
,PM 2.5 env,PM 10 env,Particelle 0.3um,Particelle 0.5um,Particelle 1.0um,Particelle 2.5um,Particelle 5.0um,Particelle 10um,CO2(ppm),TVOC(ppb),ora
0,27,28,3261,972,155,3,1,1,410,1,1606489235.903709
,PM 2.5 env,PM 10 env,Particelle 0.3um,Particelle 0.5um,Particelle 1.0um,Particelle 2.5um,Particelle 5.0um,Particelle 10um,CO2(ppm),TVOC(ppb),ora
0,27,28,3369,1003,157,3,1,1,414,2,1606489236.949011
,PM 2.5 env,PM 10 env,Particelle 0.3um,Particelle 0.5um,Particelle 1.0um,Particelle 2.5um,Particelle 5.0um,Particelle 10um,CO2(ppm),TVOC(ppb),ora
0,27,28,3369,1003,157,3,1,1,414,2,1606489237.995113
,PM 2.5 env,PM 10 env,Particelle 0.3um,Particelle 0.5um,Particelle 1.0um,Particelle 2.5um,Particelle 5.0um,Particelle 10um,CO2(ppm),TVOC(ppb),ora
0,27,28,3369,1003,157,3,1,1,414,2,1606489239.041566
,PM 2.5 env,PM 10 env,Particelle 0.3um,Particelle 0.5um,Particelle 1.0um,Particelle 2.5um,Particelle 5.0um,Particelle 10um,CO2(ppm),TVOC(ppb),ora
0,27,28,3351,999,153,3,1,1,414,2,1606489240.087833
,PM 2.5 env,PM 10 env,Particelle 0.3um,Particelle 0.5um,Particelle 1.0um,Particelle 2.5um,Particelle 5.0um,Particelle 10um,CO2(ppm),TVOC(ppb),ora
0,27,28,3351,999,153,3,1,1,410,1,1606489241.121541
,PM 2.5 env,PM 10 env,Particelle 0.3um,Particelle 0.5um,Particelle 1.0um,Particelle 2.5um,Particelle 5.0um,Particelle 10um,CO2(ppm),TVOC(ppb),ora
0,27,28,3351,999,153,3,1,1,410,1,1606489242.166341
,PM 2.5 env,PM 10 env,Particelle 0.3um,Particelle 0.5um,Particelle 1.0um,Particelle 2.5um,Particelle 5.0um,Particelle 10um,CO2(ppm),TVOC(ppb),ora
0,26,26,3345,990,148,1,0,0,410,1,1606489243.200228
,PM 2.5 env,PM 10 env,Particelle 0.3um,Particelle 0.5um,Particelle 1.0um,Particelle 2.5um,Particelle 5.0um,Particelle 10um,CO2(ppm),TVOC(ppb),ora
0,26,26,3345,990,148,1,0,0,406,0,1606489244.245267
,PM 2.5 env,PM 10 env,Particelle 0.3um,Particelle 0.5um,Particelle 1.0um,Particelle 2.5um,Particelle 5.0um,Particelle 10um,CO2(ppm),TVOC(ppb),ora
0,26,26,3345,990,148,1,0,0,406,0,1606489245.292306
,PM 2.5 env,PM 10 env,Particelle 0.3um,Particelle 0.5um,Particelle 1.0um,Particelle 2.5um,Particelle 5.0um,Particelle 10um,CO2(ppm),TVOC(ppb),ora
0,27,29,3105,898,179,17,3,0,0,0,1606489298.92371
,PM 2.5 env,PM 10 env,Particelle 0.3um,Particelle 0.5um,Particelle 1.0um,Particelle 2.5um,Particelle 5.0um,Particelle 10um,CO2(ppm),TVOC(ppb),ora
0,27,29,3105,898,179,17,3,0,0,0,1606489299.980442
,PM 2.5 env,PM 10 env,Particelle 0.3um,Particelle 0.5um,Particelle 1.0um,Particelle 2.5um,Particelle 5.0um,Particelle 10um,CO2(ppm),TVOC(ppb),ora
0,27,29,3117,908,183,14,2,0,0,0,1606489301.019962
,PM 2.5 env,PM 10 env,Particelle 0.3um,Particelle 0.5um,Particelle 1.0um,Particelle 2.5um,Particelle 5.0um,Particelle 10um,CO2(ppm),TVOC(ppb),ora
0,27,29,3117,908,183,14,2,0,400,0,1606489302.060108
,PM 2.5 env,PM 10 env,Particelle 0.3um,Particelle 0.5um,Particelle 1.0um,Particelle 2.5um,Particelle 5.0um,Particelle 10um,CO2(ppm),TVOC(ppb),ora
0,27,29,3117,908,183,14,2,0,405,0,1606489303.109463
,PM 2.5 env,PM 10 env,Particelle 0.3um,Particelle 0.5um,Particelle 1.0um,Particelle 2.5um,Particelle 5.0um,Particelle 10um,CO2(ppm),TVOC(ppb),ora
0,26,28,3105,906,174,10,2,1,400,0,1606489304.156983
,PM 2.5 env,PM 10 env,Particelle 0.3um,Particelle 0.5um,Particelle 1.0um,Particelle 2.5um,Particelle 5.0um,Particelle 10um,CO2(ppm),TVOC(ppb),ora
0,26,28,3105,906,174,10,2,1,400,0,1606489305.206927
,PM 2.5 env,PM 10 env,Particelle 0.3um,Particelle 0.5um,Particelle 1.0um,Particelle 2.5um,Particelle 5.0um,Particelle 10um,CO2(ppm),TVOC(ppb),ora
0,26,28,3105,906,174,10,2,1,400,0,1606489306.25674
,PM 2.5 env,PM 10 env,Particelle 0.3um,Particelle 0.5um,Particelle 1.0um,Particelle 2.5um,Particelle 5.0um,Particelle 10um,CO2(ppm),TVOC(ppb),ora
0,26,28,3150,919,172,10,2,1,400,0,1606489307.303644
,PM 2.5 env,PM 10 env,Particelle 0.3um,Particelle 0.5um,Particelle 1.0um,Particelle 2.5um,Particelle 5.0um,Particelle 10um,CO2(ppm),TVOC(ppb),ora
0,26,28,3150,919,172,10,2,1,405,0,1606489308.353078
,PM 2.5 env,PM 10 env,Particelle 0.3um,Particelle 0.5um,Particelle 1.0um,Particelle 2.5um,Particelle 5.0um,Particelle 10um,CO2(ppm),TVOC(ppb),ora
0,26,28,3150,919,172,10,2,1,405,0,1606489309.402593
,PM 2.5 env,PM 10 env,Particelle 0.3um,Particelle 0.5um,Particelle 1.0um,Particelle 2.5um,Particelle 5.0um,Particelle 10um,CO2(ppm),TVOC(ppb),ora
0,26,28,3225,933,172,10,2,1,405,0,1606489310.448692
,PM 2.5 env,PM 10 env,Particelle 0.3um,Particelle 0.5um,Particelle 1.0um,Particelle 2.5um,Particelle 5.0um,Particelle 10um,CO2(ppm),TVOC(ppb),ora
0,26,28,3225,933,172,10,2,1,405,0,1606489311.498653
,PM 2.5 env,PM 10 env,Particelle 0.3um,Particelle 0.5um,Particelle 1.0um,Particelle 2.5um,Particelle 5.0um,Particelle 10um,CO2(ppm),TVOC(ppb),ora
0,26,28,3225,933,172,10,2,1,405,0,1606489312.547525
,PM 2.5 env,PM 10 env,Particelle 0.3um,Particelle 0.5um,Particelle 1.0um,Particelle 2.5um,Particelle 5.0um,Particelle 10um,CO2(ppm),TVOC(ppb),ora
0,27,28,3345,959,172,7,2,1,408,1,1606489313.595965
,PM 2.5 env,PM 10 env,Particelle 0.3um,Particelle 0.5um,Particelle 1.0um,Particelle 2.5um,Particelle 5.0um,Particelle 10um,CO2(ppm),TVOC(ppb),ora
0,27,28,3345,959,172,7,2,1,408,1,1606489314.644131
,PM 2.5 env,PM 10 env,Particelle 0.3um,Particelle 0.5um,Particelle 1.0um,Particelle 2.5um,Particelle 5.0um,Particelle 10um,CO2(ppm),TVOC(ppb),ora
0,27,28,3345,959,172,7,2,1,408,1,1606489315.693531
,PM 2.5 env,PM 10 env,Particelle 0.3um,Particelle 0.5um,Particelle 1.0um,Particelle 2.5um,Particelle 5.0um,Particelle 10um,CO2(ppm),TVOC(ppb),ora
0,27,28,3408,973,170,6,1,1,408,1,1606489316.742869
,PM 2.5 env,PM 10 env,Particelle 0.3um,Particelle 0.5um,Particelle 1.0um,Particelle 2.5um,Particelle 5.0um,Particelle 10um,CO2(ppm),TVOC(ppb),ora
0,27,28,3408,973,170,6,1,1,405,0,1606489317.790188
,PM 2.5 env,PM 10 env,Particelle 0.3um,Particelle 0.5um,Particelle 1.0um,Particelle 2.5um,Particelle 5.0um,Particelle 10um,CO2(ppm),TVOC(ppb),ora
0,27,28,3408,973,170,6,1,1,408,1,1606489318.839136
,PM 2.5 env,PM 10 env,Particelle 0.3um,Particelle 0.5um,Particelle 1.0um,Particelle 2.5um,Particelle 5.0um,Particelle 10um,CO2(ppm),TVOC(ppb),ora
0,27,28,3339,960,164,6,1,1,408,1,1606489319.888596
,PM 2.5 env,PM 10 env,Particelle 0.3um,Particelle 0.5um,Particelle 1.0um,Particelle 2.5um,Particelle 5.0um,Particelle 10um,CO2(ppm),TVOC(ppb),ora
0,27,28,3339,960,164,6,1,1,408,1,1606489320.935381
,PM 2.5 env,PM 10 env,Particelle 0.3um,Particelle 0.5um,Particelle 1.0um,Particelle 2.5um,Particelle 5.0um,Particelle 10um,CO2(ppm),TVOC(ppb),ora
0,27,28,3339,960,164,6,1,1,408,1,1606489321.984379
,PM 2.5 env,PM 10 env,Particelle 0.3um,Particelle 0.5um,Particelle 1.0um,Particelle 2.5um,Particelle 5.0um,Particelle 10um,CO2(ppm),TVOC(ppb),ora
0,25,27,3231,943,166,6,1,1,405,0,1606489323.035441
,PM 2.5 env,PM 10 env,Particelle 0.3um,Particelle 0.5um,Particelle 1.0um,Particelle 2.5um,Particelle 5.0um,Particelle 10um,CO2(ppm),TVOC(ppb),ora
0,25,27,3231,943,166,6,1,1,415,2,1606489324.098692
,PM 2.5 env,PM 10 env,Particelle 0.3um,Particelle 0.5um,Particelle 1.0um,Particelle 2.5um,Particelle 5.0um,Particelle 10um,CO2(ppm),TVOC(ppb),ora
0,25,27,3231,943,166,6,1,1,410,1,1606489325.14997
,PM 2.5 env,PM 10 env,Particelle 0.3um,Particelle 0.5um,Particelle 1.0um,Particelle 2.5um,Particelle 5.0um,Particelle 10um,CO2(ppm),TVOC(ppb),ora
0,26,27,3261,956,166,7,1,1,408,1,1606489326.199204
,PM 2.5 env,PM 10 env,Particelle 0.3um,Particelle 0.5um,Particelle 1.0um,Particelle 2.5um,Particelle 5.0um,Particelle 10um,CO2(ppm),TVOC(ppb),ora
0,27,28,3261,956,166,7,1,1,408,1,1606489327.247309
,PM 2.5 env,PM 10 env,Particelle 0.3um,Particelle 0.5um,Particelle 1.0um,Particelle 2.5um,Particelle 5.0um,Particelle 10um,CO2(ppm),TVOC(ppb),ora
0,27,28,3261,956,166,7,1,1,408,1,1606489328.298191
,PM 2.5 env,PM 10 env,Particelle 0.3um,Particelle 0.5um,Particelle 1.0um,Particelle 2.5um,Particelle 5.0um,Particelle 10um,CO2(ppm),TVOC(ppb),ora
0,27,28,3198,944,164,10,1,1,408,1,1606489329.347369
,PM 2.5 env,PM 10 env,Particelle 0.3um,Particelle 0.5um,Particelle 1.0um,Particelle 2.5um,Particelle 5.0um,Particelle 10um,CO2(ppm),TVOC(ppb),ora
0,27,28,3198,944,164,10,1,1,405,0,1606489330.396464
,PM 2.5 env,PM 10 env,Particelle 0.3um,Particelle 0.5um,Particelle 1.0um,Particelle 2.5um,Particelle 5.0um,Particelle 10um,CO2(ppm),TVOC(ppb),ora
0,27,28,3198,944,164,10,1,1,400,0,1606489331.443265
,PM 2.5 env,PM 10 env,Particelle 0.3um,Particelle 0.5um,Particelle 1.0um,Particelle 2.5um,Particelle 5.0um,Particelle 10um,CO2(ppm),TVOC(ppb),ora
0,26,26,3117,924,162,7,0,0,0,0,1606489717.001656
,PM 2.5 env,PM 10 env,Particelle 0.3um,Particelle 0.5um,Particelle 1.0um,Particelle 2.5um,Particelle 5.0um,Particelle 10um,CO2(ppm),TVOC(ppb),ora
0,26,26,3075,907,156,8,0,0,0,0,1606489718.065711
,PM 2.5 env,PM 10 env,Particelle 0.3um,Particelle 0.5um,Particelle 1.0um,Particelle 2.5um,Particelle 5.0um,Particelle 10um,CO2(ppm),TVOC(ppb),ora
0,26,26,3075,907,156,8,0,0,0,0,1606489719.090762
,PM 2.5 env,PM 10 env,Particelle 0.3um,Particelle 0.5um,Particelle 1.0um,Particelle 2.5um,Particelle 5.0um,Particelle 10um,CO2(ppm),TVOC(ppb),ora
0,26,26,3075,907,156,8,0,0,400,1,1606489720.127594
,PM 2.5 env,PM 10 env,Particelle 0.3um,Particelle 0.5um,Particelle 1.0um,Particelle 2.5um,Particelle 5.0um,Particelle 10um,CO2(ppm),TVOC(ppb),ora
0,26,26,3084,901,152,9,0,0,428,4,1606489721.192254
,PM 2.5 env,PM 10 env,Particelle 0.3um,Particelle 0.5um,Particelle 1.0um,Particelle 2.5um,Particelle 5.0um,Particelle 10um,CO2(ppm),TVOC(ppb),ora
0,26,26,3084,901,152,9,0,0,415,2,1606489722.251676
,PM 2.5 env,PM 10 env,Particelle 0.3um,Particelle 0.5um,Particelle 1.0um,Particelle 2.5um,Particelle 5.0um,Particelle 10um,CO2(ppm),TVOC(ppb),ora
0,26,26,3084,901,152,9,0,0,410,1,1606489723.315027
,PM 2.5 env,PM 10 env,Particelle 0.3um,Particelle 0.5um,Particelle 1.0um,Particelle 2.5um,Particelle 5.0um,Particelle 10um,CO2(ppm),TVOC(ppb),ora
0,26,26,3090,899,152,9,0,0,410,1,1606489724.374472
,PM 2.5 env,PM 10 env,Particelle 0.3um,Particelle 0.5um,Particelle 1.0um,Particelle 2.5um,Particelle 5.0um,Particelle 10um,CO2(ppm),TVOC(ppb),ora
0,26,26,3090,899,152,9,0,0,410,1,1606489725.430429
,PM 2.5 env,PM 10 env,Particelle 0.3um,Particelle 0.5um,Particelle 1.0um,Particelle 2.5um,Particelle 5.0um,Particelle 10um,CO2(ppm),TVOC(ppb),ora
0,26,26,3090,899,152,9,0,0,410,1,1606489726.489365
,PM 2.5 env,PM 10 env,Particelle 0.3um,Particelle 0.5um,Particelle 1.0um,Particelle 2.5um,Particelle 5.0um,Particelle 10um,CO2(ppm),TVOC(ppb),ora
0,26,26,3084,891,161,9,0,0,415,2,1606489727.552531
,PM 2.5 env,PM 10 env,Particelle 0.3um,Particelle 0.5um,Particelle 1.0um,Particelle 2.5um,Particelle 5.0um,Particelle 10um,CO2(ppm),TVOC(ppb),ora
0,26,26,3084,891,161,9,0,0,418,2,1606489728.615932
,PM 2.5 env,PM 10 env,Particelle 0.3um,Particelle 0.5um,Particelle 1.0um,Particelle 2.5um,Particelle 5.0um,Particelle 10um,CO2(ppm),TVOC(ppb),ora
0,26,26,3084,891,161,9,0,0,423,3,1606489729.67002
,PM 2.5 env,PM 10 env,Particelle 0.3um,Particelle 0.5um,Particelle 1.0um,Particelle 2.5um,Particelle 5.0um,Particelle 10um,CO2(ppm),TVOC(ppb),ora
0,25,25,3021,864,144,9,0,0,418,2,1606489730.731884
,PM 2.5 env,PM 10 env,Particelle 0.3um,Particelle 0.5um,Particelle 1.0um,Particelle 2.5um,Particelle 5.0um,Particelle 10um,CO2(ppm),TVOC(ppb),ora
0,25,25,3021,864,144,9,0,0,418,2,1606489731.793234
,PM 2.5 env,PM 10 env,Particelle 0.3um,Particelle 0.5um,Particelle 1.0um,Particelle 2.5um,Particelle 5.0um,Particelle 10um,CO2(ppm),TVOC(ppb),ora
0,25,25,3021,864,144,9,0,0,410,1,1606489732.856799
,PM 2.5 env,PM 10 env,Particelle 0.3um,Particelle 0.5um,Particelle 1.0um,Particelle 2.5um,Particelle 5.0um,Particelle 10um,CO2(ppm),TVOC(ppb),ora
0,27,27,3108,901,157,13,1,1,408,1,1606489733.919445
,PM 2.5 env,PM 10 env,Particelle 0.3um,Particelle 0.5um,Particelle 1.0um,Particelle 2.5um,Particelle 5.0um,Particelle 10um,CO2(ppm),TVOC(ppb),ora
0,28,30,3000,860,185,21,2,1,0,0,1606489790.920764
,PM 2.5 env,PM 10 env,Particelle 0.3um,Particelle 0.5um,Particelle 1.0um,Particelle 2.5um,Particelle 5.0um,Particelle 10um,CO2(ppm),TVOC(ppb),ora
0,27,27,2880,818,180,17,1,0,0,0,1606489791.972502
,PM 2.5 env,PM 10 env,Particelle 0.3um,Particelle 0.5um,Particelle 1.0um,Particelle 2.5um,Particelle 5.0um,Particelle 10um,CO2(ppm),TVOC(ppb),ora
0,28,29,2922,831,190,22,2,1,400,0,1606489793.006857
,PM 2.5 env,PM 10 env,Particelle 0.3um,Particelle 0.5um,Particelle 1.0um,Particelle 2.5um,Particelle 5.0um,Particelle 10um,CO2(ppm),TVOC(ppb),ora
0,26,27,2874,810,173,20,1,1,400,0,1606489794.052415
,PM 2.5 env,PM 10 env,Particelle 0.3um,Particelle 0.5um,Particelle 1.0um,Particelle 2.5um,Particelle 5.0um,Particelle 10um,CO2(ppm),TVOC(ppb),ora
0,26,27,2784,802,175,20,1,1,402,0,1606489795.097303
,PM 2.5 env,PM 10 env,Particelle 0.3um,Particelle 0.5um,Particelle 1.0um,Particelle 2.5um,Particelle 5.0um,Particelle 10um,CO2(ppm),TVOC(ppb),ora
0,26,27,2784,802,175,20,1,1,402,0,1606489796.140023
,PM 2.5 env,PM 10 env,Particelle 0.3um,Particelle 0.5um,Particelle 1.0um,Particelle 2.5um,Particelle 5.0um,Particelle 10um,CO2(ppm),TVOC(ppb),ora
0,26,27,2784,802,175,20,1,1,402,0,1606489797.185598
,PM 2.5 env,PM 10 env,Particelle 0.3um,Particelle 0.5um,Particelle 1.0um,Particelle 2.5um,Particelle 5.0um,Particelle 10um,CO2(ppm),TVOC(ppb),ora
0,26,26,2784,802,179,19,1,1,402,0,1606489798.234635
,PM 2.5 env,PM 10 env,Particelle 0.3um,Particelle 0.5um,Particelle 1.0um,Particelle 2.5um,Particelle 5.0um,Particelle 10um,CO2(ppm),TVOC(ppb),ora
0,26,26,2784,802,179,19,1,1,402,0,1606489799.279999
,PM 2.5 env,PM 10 env,Particelle 0.3um,Particelle 0.5um,Particelle 1.0um,Particelle 2.5um,Particelle 5.0um,Particelle 10um,CO2(ppm),TVOC(ppb),ora
0,26,26,2784,802,179,19,1,1,400,0,1606489800.32603
,PM 2.5 env,PM 10 env,Particelle 0.3um,Particelle 0.5um,Particelle 1.0um,Particelle 2.5um,Particelle 5.0um,Particelle 10um,CO2(ppm),TVOC(ppb),ora
0,25,26,2784,804,173,16,1,1,400,0,1606489801.370834
,PM 2.5 env,PM 10 env,Particelle 0.3um,Particelle 0.5um,Particelle 1.0um,Particelle 2.5um,Particelle 5.0um,Particelle 10um,CO2(ppm),TVOC(ppb),ora
0,25,26,2784,804,173,16,1,1,402,0,1606489802.413146
,PM 2.5 env,PM 10 env,Particelle 0.3um,Particelle 0.5um,Particelle 1.0um,Particelle 2.5um,Particelle 5.0um,Particelle 10um,CO2(ppm),TVOC(ppb),ora
0,25,26,2784,804,173,16,1,1,402,0,1606489803.461018
,PM 2.5 env,PM 10 env,Particelle 0.3um,Particelle 0.5um,Particelle 1.0um,Particelle 2.5um,Particelle 5.0um,Particelle 10um,CO2(ppm),TVOC(ppb),ora
0,25,26,2808,825,179,11,1,1,400,0,1606489804.505077
,PM 2.5 env,PM 10 env,Particelle 0.3um,Particelle 0.5um,Particelle 1.0um,Particelle 2.5um,Particelle 5.0um,Particelle 10um,CO2(ppm),TVOC(ppb),ora
0,25,26,2808,825,179,11,1,1,402,0,1606489805.54892
,PM 2.5 env,PM 10 env,Particelle 0.3um,Particelle 0.5um,Particelle 1.0um,Particelle 2.5um,Particelle 5.0um,Particelle 10um,CO2(ppm),TVOC(ppb),ora
0,28,30,3288,977,212,12,2,2,0,0,1606492776.493741
,PM 2.5 env,PM 10 env,Particelle 0.3um,Particelle 0.5um,Particelle 1.0um,Particelle 2.5um,Particelle 5.0um,Particelle 10um,CO2(ppm),TVOC(ppb),ora
0,28,29,3177,945,201,14,3,2,0,0,1606492777.542563
,PM 2.5 env,PM 10 env,Particelle 0.3um,Particelle 0.5um,Particelle 1.0um,Particelle 2.5um,Particelle 5.0um,Particelle 10um,CO2(ppm),TVOC(ppb),ora
0,28,29,3177,945,201,14,3,2,0,0,1606492778.571874
,PM 2.5 env,PM 10 env,Particelle 0.3um,Particelle 0.5um,Particelle 1.0um,Particelle 2.5um,Particelle 5.0um,Particelle 10um,CO2(ppm),TVOC(ppb),ora
0,29,30,3177,945,201,14,3,2,400,0,1606492779.60068
,PM 2.5 env,PM 10 env,Particelle 0.3um,Particelle 0.5um,Particelle 1.0um,Particelle 2.5um,Particelle 5.0um,Particelle 10um,CO2(ppm),TVOC(ppb),ora
0,29,31,3258,961,206,15,3,2,405,0,1606492780.644706
,PM 2.5 env,PM 10 env,Particelle 0.3um,Particelle 0.5um,Particelle 1.0um,Particelle 2.5um,Particelle 5.0um,Particelle 10um,CO2(ppm),TVOC(ppb),ora
0,29,31,3258,961,206,15,3,2,400,0,1606492781.688546
,PM 2.5 env,PM 10 env,Particelle 0.3um,Particelle 0.5um,Particelle 1.0um,Particelle 2.5um,Particelle 5.0um,Particelle 10um,CO2(ppm),TVOC(ppb),ora
0,28,30,3258,961,206,15,3,2,400,0,1606492782.732388
,PM 2.5 env,PM 10 env,Particelle 0.3um,Particelle 0.5um,Particelle 1.0um,Particelle 2.5um,Particelle 5.0um,Particelle 10um,CO2(ppm),TVOC(ppb),ora
0,29,32,3390,1005,218,16,3,2,400,0,1606492783.776372
,PM 2.5 env,PM 10 env,Particelle 0.3um,Particelle 0.5um,Particelle 1.0um,Particelle 2.5um,Particelle 5.0um,Particelle 10um,CO2(ppm),TVOC(ppb),ora
0,29,32,3390,1005,218,16,3,2,400,0,1606492784.820117
,PM 2.5 env,PM 10 env,Particelle 0.3um,Particelle 0.5um,Particelle 1.0um,Particelle 2.5um,Particelle 5.0um,Particelle 10um,CO2(ppm),TVOC(ppb),ora
0,29,32,3390,1005,218,16,3,2,403,0,1606492785.864026
,PM 2.5 env,PM 10 env,Particelle 0.3um,Particelle 0.5um,Particelle 1.0um,Particelle 2.5um,Particelle 5.0um,Particelle 10um,CO2(ppm),TVOC(ppb),ora
0,29,32,3447,1030,210,15,3,2,410,1,1606492786.908407
,PM 2.5 env,PM 10 env,Particelle 0.3um,Particelle 0.5um,Particelle 1.0um,Particelle 2.5um,Particelle 5.0um,Particelle 10um,CO2(ppm),TVOC(ppb),ora
0,29,32,3447,1030,210,15,3,2,408,1,1606492787.952684
,PM 2.5 env,PM 10 env,Particelle 0.3um,Particelle 0.5um,Particelle 1.0um,Particelle 2.5um,Particelle 5.0um,Particelle 10um,CO2(ppm),TVOC(ppb),ora
0,29,32,3447,1030,210,15,3,2,410,1,1606492788.995604
,PM 2.5 env,PM 10 env,Particelle 0.3um,Particelle 0.5um,Particelle 1.0um,Particelle 2.5um,Particelle 5.0um,Particelle 10um,CO2(ppm),TVOC(ppb),ora
0,26,27,3027,914,173,18,1,1,400,0,1606493590.438513
,PM 2.5 env,PM 10 env,Particelle 0.3um,Particelle 0.5um,Particelle 1.0um,Particelle 2.5um,Particelle 5.0um,Particelle 10um,CO2(ppm),TVOC(ppb),ora
0,27,28,3027,914,173,18,1,1,400,0,1606493591.503269
,PM 2.5 env,PM 10 env,Particelle 0.3um,Particelle 0.5um,Particelle 1.0um,Particelle 2.5um,Particelle 5.0um,Particelle 10um,CO2(ppm),TVOC(ppb),ora
0,27,28,3027,914,173,18,1,1,400,0,1606493592.547294
,PM 2.5 env,PM 10 env,Particelle 0.3um,Particelle 0.5um,Particelle 1.0um,Particelle 2.5um,Particelle 5.0um,Particelle 10um,CO2(ppm),TVOC(ppb),ora
0,28,28,3039,909,180,18,1,1,400,0,1606493593.590947
,PM 2.5 env,PM 10 env,Particelle 0.3um,Particelle 0.5um,Particelle 1.0um,Particelle 2.5um,Particelle 5.0um,Particelle 10um,CO2(ppm),TVOC(ppb),ora
0,27,27,3039,909,180,18,1,1,400,0,1606493594.634478
,PM 2.5 env,PM 10 env,Particelle 0.3um,Particelle 0.5um,Particelle 1.0um,Particelle 2.5um,Particelle 5.0um,Particelle 10um,CO2(ppm),TVOC(ppb),ora
0,27,27,3039,909,180,18,1,1,400,0,1606493595.678015
,PM 2.5 env,PM 10 env,Particelle 0.3um,Particelle 0.5um,Particelle 1.0um,Particelle 2.5um,Particelle 5.0um,Particelle 10um,CO2(ppm),TVOC(ppb),ora
0,28,28,3126,944,191,18,1,1,400,0,1606493596.721628
,PM 2.5 env,PM 10 env,Particelle 0.3um,Particelle 0.5um,Particelle 1.0um,Particelle 2.5um,Particelle 5.0um,Particelle 10um,CO2(ppm),TVOC(ppb),ora
0,28,28,3126,944,191,18,1,1,402,0,1606493597.765174
,PM 2.5 env,PM 10 env,Particelle 0.3um,Particelle 0.5um,Particelle 1.0um,Particelle 2.5um,Particelle 5.0um,Particelle 10um,CO2(ppm),TVOC(ppb),ora
0,28,28,3126,944,191,18,1,1,405,0,1606493598.808684
,PM 2.5 env,PM 10 env,Particelle 0.3um,Particelle 0.5um,Particelle 1.0um,Particelle 2.5um,Particelle 5.0um,Particelle 10um,CO2(ppm),TVOC(ppb),ora
0,23,24,3108,913,151,3,1,0,400,0,1606494015.683326
,PM 2.5 env,PM 10 env,Particelle 0.3um,Particelle 0.5um,Particelle 1.0um,Particelle 2.5um,Particelle 5.0um,Particelle 10um,CO2(ppm),TVOC(ppb),ora
0,23,24,3108,913,151,3,1,0,400,0,1606494016.765897
,PM 2.5 env,PM 10 env,Particelle 0.3um,Particelle 0.5um,Particelle 1.0um,Particelle 2.5um,Particelle 5.0um,Particelle 10um,CO2(ppm),TVOC(ppb),ora
0,23,24,3153,917,153,4,2,0,400,0,1606494017.825318
,PM 2.5 env,PM 10 env,Particelle 0.3um,Particelle 0.5um,Particelle 1.0um,Particelle 2.5um,Particelle 5.0um,Particelle 10um,CO2(ppm),TVOC(ppb),ora
0,24,25,3153,917,153,4,2,0,400,0,1606494018.889337
,PM 2.5 env,PM 10 env,Particelle 0.3um,Particelle 0.5um,Particelle 1.0um,Particelle 2.5um,Particelle 5.0um,Particelle 10um,CO2(ppm),TVOC(ppb),ora
0,24,25,3153,917,153,4,2,0,409,1,1606494019.949212
,PM 2.5 env,PM 10 env,Particelle 0.3um,Particelle 0.5um,Particelle 1.0um,Particelle 2.5um,Particelle 5.0um,Particelle 10um,CO2(ppm),TVOC(ppb),ora
0,24,24,3084,901,149,4,1,0,409,1,1606494021.009459
,PM 2.5 env,PM 10 env,Particelle 0.3um,Particelle 0.5um,Particelle 1.0um,Particelle 2.5um,Particelle 5.0um,Particelle 10um,CO2(ppm),TVOC(ppb),ora
0,26,26,3288,967,162,11,0,0,0,0,1606494042.049547
,PM 2.5 env,PM 10 env,Particelle 0.3um,Particelle 0.5um,Particelle 1.0um,Particelle 2.5um,Particelle 5.0um,Particelle 10um,CO2(ppm),TVOC(ppb),ora
0,26,26,3288,967,162,11,0,0,0,0,1606494043.099251
,PM 2.5 env,PM 10 env,Particelle 0.3um,Particelle 0.5um,Particelle 1.0um,Particelle 2.5um,Particelle 5.0um,Particelle 10um,CO2(ppm),TVOC(ppb),ora
0,27,27,3288,967,162,11,0,0,0,0,1606494044.132252
,PM 2.5 env,PM 10 env,Particelle 0.3um,Particelle 0.5um,Particelle 1.0um,Particelle 2.5um,Particelle 5.0um,Particelle 10um,CO2(ppm),TVOC(ppb),ora
0,26,27,3408,991,174,7,2,0,0,0,1606494054.664842
,PM 2.5 env,PM 10 env,Particelle 0.3um,Particelle 0.5um,Particelle 1.0um,Particelle 2.5um,Particelle 5.0um,Particelle 10um,CO2(ppm),TVOC(ppb),ora
0,26,27,3420,997,180,6,2,0,0,0,1606494055.707291
,PM 2.5 env,PM 10 env,Particelle 0.3um,Particelle 0.5um,Particelle 1.0um,Particelle 2.5um,Particelle 5.0um,Particelle 10um,CO2(ppm),TVOC(ppb),ora
0,27,28,3420,997,180,6,2,0,400,0,1606494056.74228
,PM 2.5 env,PM 10 env,Particelle 0.3um,Particelle 0.5um,Particelle 1.0um,Particelle 2.5um,Particelle 5.0um,Particelle 10um,CO2(ppm),TVOC(ppb),ora
0,27,28,3420,997,180,6,2,0,409,1,1606494057.791895
,PM 2.5 env,PM 10 env,Particelle 0.3um,Particelle 0.5um,Particelle 1.0um,Particelle 2.5um,Particelle 5.0um,Particelle 10um,CO2(ppm),TVOC(ppb),ora
0,27,28,3414,997,176,6,2,0,414,2,1606494058.839752
,PM 2.5 env,PM 10 env,Particelle 0.3um,Particelle 0.5um,Particelle 1.0um,Particelle 2.5um,Particelle 5.0um,Particelle 10um,CO2(ppm),TVOC(ppb),ora
0,27,28,3414,997,176,6,2,0,409,1,1606494059.902023
,PM 2.5 env,PM 10 env,Particelle 0.3um,Particelle 0.5um,Particelle 1.0um,Particelle 2.5um,Particelle 5.0um,Particelle 10um,CO2(ppm),TVOC(ppb),ora
0,27,28,3414,997,176,6,2,0,400,0,1606494060.958652
,PM 2.5 env,PM 10 env,Particelle 0.3um,Particelle 0.5um,Particelle 1.0um,Particelle 2.5um,Particelle 5.0um,Particelle 10um,CO2(ppm),TVOC(ppb),ora
0,27,28,3432,990,174,6,2,0,400,0,1606494062.032676
,PM 2.5 env,PM 10 env,Particelle 0.3um,Particelle 0.5um,Particelle 1.0um,Particelle 2.5um,Particelle 5.0um,Particelle 10um,CO2(ppm),TVOC(ppb),ora
0,27,28,3432,990,174,6,2,0,402,0,1606494063.086032
,PM 2.5 env,PM 10 env,Particelle 0.3um,Particelle 0.5um,Particelle 1.0um,Particelle 2.5um,Particelle 5.0um,Particelle 10um,CO2(ppm),TVOC(ppb),ora
0,26,27,3432,990,174,6,2,0,400,0,1606494064.131788
,PM 2.5 env,PM 10 env,Particelle 0.3um,Particelle 0.5um,Particelle 1.0um,Particelle 2.5um,Particelle 5.0um,Particelle 10um,CO2(ppm),TVOC(ppb),ora
0,26,27,3453,996,165,5,2,0,402,0,1606494065.190507
,PM 2.5 env,PM 10 env,Particelle 0.3um,Particelle 0.5um,Particelle 1.0um,Particelle 2.5um,Particelle 5.0um,Particelle 10um,CO2(ppm),TVOC(ppb),ora
0,26,27,3453,996,165,5,2,0,407,1,1606494066.232711
,PM 2.5 env,PM 10 env,Particelle 0.3um,Particelle 0.5um,Particelle 1.0um,Particelle 2.5um,Particelle 5.0um,Particelle 10um,CO2(ppm),TVOC(ppb),ora
0,26,27,3453,996,165,5,2,0,407,1,1606494067.278628
,PM 2.5 env,PM 10 env,Particelle 0.3um,Particelle 0.5um,Particelle 1.0um,Particelle 2.5um,Particelle 5.0um,Particelle 10um,CO2(ppm),TVOC(ppb),ora
0,26,27,3447,998,167,5,2,0,400,0,1606494068.333842
,PM 2.5 env,PM 10 env,Particelle 0.3um,Particelle 0.5um,Particelle 1.0um,Particelle 2.5um,Particelle 5.0um,Particelle 10um,CO2(ppm),TVOC(ppb),ora
0,26,27,3447,998,167,5,2,0,400,0,1606494069.379518
,PM 2.5 env,PM 10 env,Particelle 0.3um,Particelle 0.5um,Particelle 1.0um,Particelle 2.5um,Particelle 5.0um,Particelle 10um,CO2(ppm),TVOC(ppb),ora
0,26,27,3447,998,167,5,2,0,400,0,1606494070.435904
,PM 2.5 env,PM 10 env,Particelle 0.3um,Particelle 0.5um,Particelle 1.0um,Particelle 2.5um,Particelle 5.0um,Particelle 10um,CO2(ppm),TVOC(ppb),ora
0,27,28,3486,1008,163,2,2,0,403,0,1606494071.487182
,PM 2.5 env,PM 10 env,Particelle 0.3um,Particelle 0.5um,Particelle 1.0um,Particelle 2.5um,Particelle 5.0um,Particelle 10um,CO2(ppm),TVOC(ppb),ora
0,27,28,3486,1008,163,2,2,0,408,1,1606494072.525686
,PM 2.5 env,PM 10 env,Particelle 0.3um,Particelle 0.5um,Particelle 1.0um,Particelle 2.5um,Particelle 5.0um,Particelle 10um,CO2(ppm),TVOC(ppb),ora
0,27,28,3486,1008,163,2,2,0,403,0,1606494073.574918
,PM 2.5 env,PM 10 env,Particelle 0.3um,Particelle 0.5um,Particelle 1.0um,Particelle 2.5um,Particelle 5.0um,Particelle 10um,CO2(ppm),TVOC(ppb),ora
0,27,29,3561,1038,167,3,3,1,400,0,1606494074.632908
,PM 2.5 env,PM 10 env,Particelle 0.3um,Particelle 0.5um,Particelle 1.0um,Particelle 2.5um,Particelle 5.0um,Particelle 10um,CO2(ppm),TVOC(ppb),ora
0,27,29,3561,1038,167,3,3,1,400,0,1606494075.672898
,PM 2.5 env,PM 10 env,Particelle 0.3um,Particelle 0.5um,Particelle 1.0um,Particelle 2.5um,Particelle 5.0um,Particelle 10um,CO2(ppm),TVOC(ppb),ora
0,27,29,3561,1038,167,3,3,1,400,0,1606494076.730997
,PM 2.5 env,PM 10 env,Particelle 0.3um,Particelle 0.5um,Particelle 1.0um,Particelle 2.5um,Particelle 5.0um,Particelle 10um,CO2(ppm),TVOC(ppb),ora
0,26,27,3429,1004,162,2,1,1,400,0,1606494083.92645
,PM 2.5 env,PM 10 env,Particelle 0.3um,Particelle 0.5um,Particelle 1.0um,Particelle 2.5um,Particelle 5.0um,Particelle 10um,CO2(ppm),TVOC(ppb),ora
0,26,27,3429,1004,162,2,1,1,400,0,1606494084.978166
,PM 2.5 env,PM 10 env,Particelle 0.3um,Particelle 0.5um,Particelle 1.0um,Particelle 2.5um,Particelle 5.0um,Particelle 10um,CO2(ppm),TVOC(ppb),ora
0,26,27,3429,1004,162,2,1,1,400,0,1606494086.029311
,PM 2.5 env,PM 10 env,Particelle 0.3um,Particelle 0.5um,Particelle 1.0um,Particelle 2.5um,Particelle 5.0um,Particelle 10um,CO2(ppm),TVOC(ppb),ora
0,27,28,3390,1000,173,3,2,2,414,2,1606494087.078703
,PM 2.5 env,PM 10 env,Particelle 0.3um,Particelle 0.5um,Particelle 1.0um,Particelle 2.5um,Particelle 5.0um,Particelle 10um,CO2(ppm),TVOC(ppb),ora
0,27,28,3390,1000,173,3,2,2,409,1,1606494088.127839
,PM 2.5 env,PM 10 env,Particelle 0.3um,Particelle 0.5um,Particelle 1.0um,Particelle 2.5um,Particelle 5.0um,Particelle 10um,CO2(ppm),TVOC(ppb),ora
0,27,28,3390,1000,173,3,2,2,405,0,1606494089.175836
,PM 2.5 env,PM 10 env,Particelle 0.3um,Particelle 0.5um,Particelle 1.0um,Particelle 2.5um,Particelle 5.0um,Particelle 10um,CO2(ppm),TVOC(ppb),ora
0,27,29,3348,1003,186,3,2,2,400,0,1606494090.22601
,PM 2.5 env,PM 10 env,Particelle 0.3um,Particelle 0.5um,Particelle 1.0um,Particelle 2.5um,Particelle 5.0um,Particelle 10um,CO2(ppm),TVOC(ppb),ora
0,27,29,3348,1003,186,3,2,2,400,0,1606494091.272005
,PM 2.5 env,PM 10 env,Particelle 0.3um,Particelle 0.5um,Particelle 1.0um,Particelle 2.5um,Particelle 5.0um,Particelle 10um,CO2(ppm),TVOC(ppb),ora
0,27,29,3348,1003,186,3,2,2,400,0,1606494092.322154
,PM 2.5 env,PM 10 env,Particelle 0.3um,Particelle 0.5um,Particelle 1.0um,Particelle 2.5um,Particelle 5.0um,Particelle 10um,CO2(ppm),TVOC(ppb),ora
0,29,30,3339,1003,184,6,2,2,409,1,1606494093.369157
,PM 2.5 env,PM 10 env,Particelle 0.3um,Particelle 0.5um,Particelle 1.0um,Particelle 2.5um,Particelle 5.0um,Particelle 10um,CO2(ppm),TVOC(ppb),ora
0,30,32,3432,1016,192,14,2,1,0,0,1606494104.210834
,PM 2.5 env,PM 10 env,Particelle 0.3um,Particelle 0.5um,Particelle 1.0um,Particelle 2.5um,Particelle 5.0um,Particelle 10um,CO2(ppm),TVOC(ppb),ora
0,30,32,3432,1016,192,14,2,1,400,0,1606494105.273197
,PM 2.5 env,PM 10 env,Particelle 0.3um,Particelle 0.5um,Particelle 1.0um,Particelle 2.5um,Particelle 5.0um,Particelle 10um,CO2(ppm),TVOC(ppb),ora
0,30,32,3495,1026,197,14,2,1,407,1,1606494106.320658
,PM 2.5 env,PM 10 env,Particelle 0.3um,Particelle 0.5um,Particelle 1.0um,Particelle 2.5um,Particelle 5.0um,Particelle 10um,CO2(ppm),TVOC(ppb),ora
0,30,32,3495,1026,197,14,2,1,415,2,1606494107.378594
,PM 2.5 env,PM 10 env,Particelle 0.3um,Particelle 0.5um,Particelle 1.0um,Particelle 2.5um,Particelle 5.0um,Particelle 10um,CO2(ppm),TVOC(ppb),ora
0,30,32,3495,1026,197,14,2,1,411,1,1606494108.438232
,PM 2.5 env,PM 10 env,Particelle 0.3um,Particelle 0.5um,Particelle 1.0um,Particelle 2.5um,Particelle 5.0um,Particelle 10um,CO2(ppm),TVOC(ppb),ora
0,30,31,3348,986,188,14,2,1,402,0,1606494109.50555
,PM 2.5 env,PM 10 env,Particelle 0.3um,Particelle 0.5um,Particelle 1.0um,Particelle 2.5um,Particelle 5.0um,Particelle 10um,CO2(ppm),TVOC(ppb),ora
0,30,31,3348,986,188,14,2,1,400,0,1606494110.567165
,PM 2.5 env,PM 10 env,Particelle 0.3um,Particelle 0.5um,Particelle 1.0um,Particelle 2.5um,Particelle 5.0um,Particelle 10um,CO2(ppm),TVOC(ppb),ora
0,30,31,3348,986,188,14,2,1,400,0,1606494111.630831
,PM 2.5 env,PM 10 env,Particelle 0.3um,Particelle 0.5um,Particelle 1.0um,Particelle 2.5um,Particelle 5.0um,Particelle 10um,CO2(ppm),TVOC(ppb),ora
0,29,30,3294,971,179,13,1,0,405,0,1606494112.699691
,PM 2.5 env,PM 10 env,Particelle 0.3um,Particelle 0.5um,Particelle 1.0um,Particelle 2.5um,Particelle 5.0um,Particelle 10um,CO2(ppm),TVOC(ppb),ora
0,29,30,3294,971,179,13,1,0,407,1,1606494113.760336
,PM 2.5 env,PM 10 env,Particelle 0.3um,Particelle 0.5um,Particelle 1.0um,Particelle 2.5um,Particelle 5.0um,Particelle 10um,CO2(ppm),TVOC(ppb),ora
0,29,30,3294,971,179,13,1,0,405,0,1606494114.821498
,PM 2.5 env,PM 10 env,Particelle 0.3um,Particelle 0.5um,Particelle 1.0um,Particelle 2.5um,Particelle 5.0um,Particelle 10um,CO2(ppm),TVOC(ppb),ora
0,29,30,3300,971,164,14,1,0,400,0,1606494115.880441
,PM 2.5 env,PM 10 env,Particelle 0.3um,Particelle 0.5um,Particelle 1.0um,Particelle 2.5um,Particelle 5.0um,Particelle 10um,CO2(ppm),TVOC(ppb),ora
0,29,30,3300,971,164,14,1,0,400,0,1606494116.936949
,PM 2.5 env,PM 10 env,Particelle 0.3um,Particelle 0.5um,Particelle 1.0um,Particelle 2.5um,Particelle 5.0um,Particelle 10um,CO2(ppm),TVOC(ppb),ora
0,29,30,3300,971,164,14,1,0,403,0,1606494117.997832
,PM 2.5 env,PM 10 env,Particelle 0.3um,Particelle 0.5um,Particelle 1.0um,Particelle 2.5um,Particelle 5.0um,Particelle 10um,CO2(ppm),TVOC(ppb),ora
0,29,30,3363,990,168,12,1,0,403,0,1606494119.059524
,PM 2.5 env,PM 10 env,Particelle 0.3um,Particelle 0.5um,Particelle 1.0um,Particelle 2.5um,Particelle 5.0um,Particelle 10um,CO2(ppm),TVOC(ppb),ora
0,29,30,3363,990,168,12,1,0,403,0,1606494120.119583
,PM 2.5 env,PM 10 env,Particelle 0.3um,Particelle 0.5um,Particelle 1.0um,Particelle 2.5um,Particelle 5.0um,Particelle 10um,CO2(ppm),TVOC(ppb),ora
0,29,30,3363,990,168,12,1,0,408,1,1606494121.175914
,PM 2.5 env,PM 10 env,Particelle 0.3um,Particelle 0.5um,Particelle 1.0um,Particelle 2.5um,Particelle 5.0um,Particelle 10um,CO2(ppm),TVOC(ppb),ora
0,29,29,3330,988,164,12,1,0,410,1,1606494122.238363
,PM 2.5 env,PM 10 env,Particelle 0.3um,Particelle 0.5um,Particelle 1.0um,Particelle 2.5um,Particelle 5.0um,Particelle 10um,CO2(ppm),TVOC(ppb),ora
0,29,29,3330,988,164,12,1,0,415,2,1606494123.297566
,PM 2.5 env,PM 10 env,Particelle 0.3um,Particelle 0.5um,Particelle 1.0um,Particelle 2.5um,Particelle 5.0um,Particelle 10um,CO2(ppm),TVOC(ppb),ora
0,29,29,3330,988,164,12,1,0,434,5,1606494124.348312
,PM 2.5 env,PM 10 env,Particelle 0.3um,Particelle 0.5um,Particelle 1.0um,Particelle 2.5um,Particelle 5.0um,Particelle 10um,CO2(ppm),TVOC(ppb),ora
0,30,32,3462,1033,205,19,1,1,400,0,1606495680.709515
,PM 2.5 env,PM 10 env,Particelle 0.3um,Particelle 0.5um,Particelle 1.0um,Particelle 2.5um,Particelle 5.0um,Particelle 10um,CO2(ppm),TVOC(ppb),ora
0,31,32,3507,1052,205,21,1,1,400,0,1606495681.775755
,PM 2.5 env,PM 10 env,Particelle 0.3um,Particelle 0.5um,Particelle 1.0um,Particelle 2.5um,Particelle 5.0um,Particelle 10um,CO2(ppm),TVOC(ppb),ora
0,30,32,3477,1039,196,21,1,1,400,0,1606495682.819968
,PM 2.5 env,PM 10 env,Particelle 0.3um,Particelle 0.5um,Particelle 1.0um,Particelle 2.5um,Particelle 5.0um,Particelle 10um,CO2(ppm),TVOC(ppb),ora
0,31,32,3501,1047,196,22,1,1,400,0,1606495683.863957
,PM 2.5 env,PM 10 env,Particelle 0.3um,Particelle 0.5um,Particelle 1.0um,Particelle 2.5um,Particelle 5.0um,Particelle 10um,CO2(ppm),TVOC(ppb),ora
0,30,31,3444,1020,181,20,1,1,400,0,1606495684.907843
,PM 2.5 env,PM 10 env,Particelle 0.3um,Particelle 0.5um,Particelle 1.0um,Particelle 2.5um,Particelle 5.0um,Particelle 10um,CO2(ppm),TVOC(ppb),ora
0,31,33,3513,1037,190,24,1,1,400,0,1606495685.95177
,PM 2.5 env,PM 10 env,Particelle 0.3um,Particelle 0.5um,Particelle 1.0um,Particelle 2.5um,Particelle 5.0um,Particelle 10um,CO2(ppm),TVOC(ppb),ora
0,30,33,3474,1023,189,24,1,1,400,0,1606495686.995581
,PM 2.5 env,PM 10 env,Particelle 0.3um,Particelle 0.5um,Particelle 1.0um,Particelle 2.5um,Particelle 5.0um,Particelle 10um,CO2(ppm),TVOC(ppb),ora
0,30,33,3474,1023,189,24,1,1,400,0,1606495688.03939
,PM 2.5 env,PM 10 env,Particelle 0.3um,Particelle 0.5um,Particelle 1.0um,Particelle 2.5um,Particelle 5.0um,Particelle 10um,CO2(ppm),TVOC(ppb),ora
0,30,33,3474,1023,189,24,1,1,400,0,1606495689.083255
,PM 2.5 env,PM 10 env,Particelle 0.3um,Particelle 0.5um,Particelle 1.0um,Particelle 2.5um,Particelle 5.0um,Particelle 10um,CO2(ppm),TVOC(ppb),ora
0,35,39,4071,1213,245,28,0,0,400,0,1606504930.238038
,PM 2.5 env,PM 10 env,Particelle 0.3um,Particelle 0.5um,Particelle 1.0um,Particelle 2.5um,Particelle 5.0um,Particelle 10um,CO2(ppm),TVOC(ppb),ora
0,35,39,3996,1179,240,32,0,0,400,0,1606504931.304253
,PM 2.5 env,PM 10 env,Particelle 0.3um,Particelle 0.5um,Particelle 1.0um,Particelle 2.5um,Particelle 5.0um,Particelle 10um,CO2(ppm),TVOC(ppb),ora
0,35,39,4035,1191,240,30,0,0,400,0,1606504932.34808
,PM 2.5 env,PM 10 env,Particelle 0.3um,Particelle 0.5um,Particelle 1.0um,Particelle 2.5um,Particelle 5.0um,Particelle 10um,CO2(ppm),TVOC(ppb),ora
0,35,39,4035,1191,240,30,0,0,400,0,1606504933.391695
,PM 2.5 env,PM 10 env,Particelle 0.3um,Particelle 0.5um,Particelle 1.0um,Particelle 2.5um,Particelle 5.0um,Particelle 10um,CO2(ppm),TVOC(ppb),ora
0,35,39,4035,1191,240,30,0,0,400,0,1606504934.435679
,PM 2.5 env,PM 10 env,Particelle 0.3um,Particelle 0.5um,Particelle 1.0um,Particelle 2.5um,Particelle 5.0um,Particelle 10um,CO2(ppm),TVOC(ppb),ora
0,35,39,4011,1198,233,30,0,0,400,0,1606504935.479117
,PM 2.5 env,PM 10 env,Particelle 0.3um,Particelle 0.5um,Particelle 1.0um,Particelle 2.5um,Particelle 5.0um,Particelle 10um,CO2(ppm),TVOC(ppb),ora
0,35,39,4011,1198,233,30,0,0,400,0,1606504936.522485
,PM 2.5 env,PM 10 env,Particelle 0.3um,Particelle 0.5um,Particelle 1.0um,Particelle 2.5um,Particelle 5.0um,Particelle 10um,CO2(ppm),TVOC(ppb),ora
0,20,20,2739,806,104,1,0,0,400,0,1606825275.92927
,PM 2.5 env,PM 10 env,Particelle 0.3um,Particelle 0.5um,Particelle 1.0um,Particelle 2.5um,Particelle 5.0um,Particelle 10um,CO2(ppm),TVOC(ppb),ora
0,20,20,2733,802,108,2,0,0,400,0,1606825276.997336
,PM 2.5 env,PM 10 env,Particelle 0.3um,Particelle 0.5um,Particelle 1.0um,Particelle 2.5um,Particelle 5.0um,Particelle 10um,CO2(ppm),TVOC(ppb),ora
0,20,20,2733,802,108,2,0,0,400,0,1606825278.042595
,PM 2.5 env,PM 10 env,Particelle 0.3um,Particelle 0.5um,Particelle 1.0um,Particelle 2.5um,Particelle 5.0um,Particelle 10um,CO2(ppm),TVOC(ppb),ora
0,20,20,2733,802,108,2,0,0,400,0,1606825279.087693
,PM 2.5 env,PM 10 env,Particelle 0.3um,Particelle 0.5um,Particelle 1.0um,Particelle 2.5um,Particelle 5.0um,Particelle 10um,CO2(ppm),TVOC(ppb),ora
0,21,21,2709,804,124,3,0,0,400,0,1606825280.132593
,PM 2.5 env,PM 10 env,Particelle 0.3um,Particelle 0.5um,Particelle 1.0um,Particelle 2.5um,Particelle 5.0um,Particelle 10um,CO2(ppm),TVOC(ppb),ora
0,21,21,2709,804,124,3,0,0,400,0,1606825281.177556
,PM 2.5 env,PM 10 env,Particelle 0.3um,Particelle 0.5um,Particelle 1.0um,Particelle 2.5um,Particelle 5.0um,Particelle 10um,CO2(ppm),TVOC(ppb),ora
0,21,21,2709,804,124,3,0,0,400,0,1606825282.222505
,PM 2.5 env,PM 10 env,Particelle 0.3um,Particelle 0.5um,Particelle 1.0um,Particelle 2.5um,Particelle 5.0um,Particelle 10um,CO2(ppm),TVOC(ppb),ora
0,21,21,2697,788,132,4,0,0,400,0,1606825283.26754
,PM 2.5 env,PM 10 env,Particelle 0.3um,Particelle 0.5um,Particelle 1.0um,Particelle 2.5um,Particelle 5.0um,Particelle 10um,CO2(ppm),TVOC(ppb),ora
0,21,21,2697,788,132,4,0,0,400,0,1606825284.316266
,PM 2.5 env,PM 10 env,Particelle 0.3um,Particelle 0.5um,Particelle 1.0um,Particelle 2.5um,Particelle 5.0um,Particelle 10um,CO2(ppm),TVOC(ppb),ora
0,5,5,816,242,27,0,0,0,400,0,1606922641.860691
,PM 2.5 env,PM 10 env,Particelle 0.3um,Particelle 0.5um,Particelle 1.0um,Particelle 2.5um,Particelle 5.0um,Particelle 10um,CO2(ppm),TVOC(ppb),ora
0,5,5,816,242,27,0,0,0,400,0,1606922642.938857
,PM 2.5 env,PM 10 env,Particelle 0.3um,Particelle 0.5um,Particelle 1.0um,Particelle 2.5um,Particelle 5.0um,Particelle 10um,CO2(ppm),TVOC(ppb),ora
0,5,5,816,242,27,0,0,0,406,0,1606922643.997382
,PM 2.5 env,PM 10 env,Particelle 0.3um,Particelle 0.5um,Particelle 1.0um,Particelle 2.5um,Particelle 5.0um,Particelle 10um,CO2(ppm),TVOC(ppb),ora
0,5,5,816,248,23,0,0,0,400,0,1606922645.055062
,PM 2.5 env,PM 10 env,Particelle 0.3um,Particelle 0.5um,Particelle 1.0um,Particelle 2.5um,Particelle 5.0um,Particelle 10um,CO2(ppm),TVOC(ppb),ora
0,5,5,816,248,23,0,0,0,410,1,1606922646.118319
,PM 2.5 env,PM 10 env,Particelle 0.3um,Particelle 0.5um,Particelle 1.0um,Particelle 2.5um,Particelle 5.0um,Particelle 10um,CO2(ppm),TVOC(ppb),ora
0,5,5,816,248,23,0,0,0,406,0,1606922647.178847
,PM 2.5 env,PM 10 env,Particelle 0.3um,Particelle 0.5um,Particelle 1.0um,Particelle 2.5um,Particelle 5.0um,Particelle 10um,CO2(ppm),TVOC(ppb),ora
0,5,5,843,255,24,0,0,0,406,0,1606922648.240625
,PM 2.5 env,PM 10 env,Particelle 0.3um,Particelle 0.5um,Particelle 1.0um,Particelle 2.5um,Particelle 5.0um,Particelle 10um,CO2(ppm),TVOC(ppb),ora
0,5,5,843,255,24,0,0,0,406,0,1606922649.300904
,PM 2.5 env,PM 10 env,Particelle 0.3um,Particelle 0.5um,Particelle 1.0um,Particelle 2.5um,Particelle 5.0um,Particelle 10um,CO2(ppm),TVOC(ppb),ora
0,5,5,843,255,24,0,0,0,400,0,1606922650.355757
,PM 2.5 env,PM 10 env,Particelle 0.3um,Particelle 0.5um,Particelle 1.0um,Particelle 2.5um,Particelle 5.0um,Particelle 10um,CO2(ppm),TVOC(ppb),ora
0,5,5,861,255,15,0,0,0,414,2,1606922651.421188
